Workbook

Sheet 專案總覽
A1: 專案名稱 | B1: I&C Project Management
A2: 專案經理 | B2: benchen1981@smail.nchu.edu.tw
A3: 開始日期 | B3: 45658
A4: 預計結束日期 | B4: 45838
A5: 實際結束日期
A6: 專案狀態 | B6: 進行中
A7: 整體進度 | B7: =IFERROR(COUNTIF(任務清單!F:F,"已完成")/COUNTA(任務清單!F2:F100)*100,0)&"%"
A9: 總任務數 | C9: 已完成
A10: =COUNTA(任務清單!B2:B100) | C10: =COUNTIF(任務清單!F:F,"已完成")
A13: 進行中 | C13: 逾期任務
A14: =COUNTIF(任務清單!F:F,"進行中") | C14: =COUNTIFS(任務清單!E:E,"<"&TODAY(),任務清單!F:F,"<>已完成")

Sheet 任務清單
A1: 任務ID | B1: 任務名稱 | C1: 負責人 | D1: 優先級 | E1: 截止日期 | F1: 狀態 | G1: 完成日期 | H1: 進度% | I1: 類別 | J1: 備註
A2: 001 | B2: 撰寫專案章程 | C2: 專案經理 | D2: 🔴高 | E2: 45662 | F2: 已完成 | G2: 45661 | H2: 100 | I2: 文件 | J2: 已完成並審核
A3: 002 | B3: 建立WBS | C3: 專案經理 | D3: 🔴高 | E3: 45663 | F3: 進行中 | H3: 60 | I3: 管理
A4: 003 | B4: 利害關係人訪談 | C4: 張三 | D4: 🟡中 | E4: 45665 | F4: 待辦 | H4: 0 | I4: 管理
A5: 004 | B5: 任務優先級排序 | C5: 李四 | D5: 🔴高 | E5: 45667 | F5: 待辦 | H5: 0 | I5: 管理
A6: 005 | B6: 設定專案里程碑 | C6: 專案經理 | D6: 🔴高 | E6: 45669 | F6: 待辦 | H6: 0 | I6: 管理
A7: 006 | B7: 每日站立會議 | C7: 專案經理 | D7: 🔴高 | E7: 46022 | F7: 進行中 | H7: 50 | I7: 管理 | J7: 每日重複
A8: 007 | B8: 週進度檢討會議 | C8: 專案經理 | D8: 🔴高 | E8: 46022 | F8: 進行中 | H8: 50 | I8: 管理 | J8: 每週重複
A9: 008 | B9: 技術架構設計 | C9: 王五 | D9: 🔴高 | E9: 45672 | F9: 待辦 | H9: 0 | I9: 技術
A10: 009 | B10: 資料庫設計 | C10: 趙六 | D10: 🟡中 | E10: 45677 | F10: 待辦 | H10: 0 | I10: 技術
A11: 010 | B11: 前端介面設計 | C11: 張三 | D11: 🟡中 | E11: 45682 | F11: 待辦 | H11: 0 | I11: 技術

Sheet 甘特圖
A1: 任務ID | B1: 任務名稱 | C1: 負責人 | D1: 開始日期 | E1: 結束日期 | F1: 進度% | G1: 45658 | H1: 45659 | I1: 45660 | J1: 45661 | K1: 45662 | L1: 45663 | M1: 45664 | N1: 45665 | O1: 45666 | P1: 45667 | Q1: 45668 | R1: 45669 | S1: 45670 | T1: 45671 | U1: 45672 | V1: 45673 | W1: 45674 | X1: 45675 | Y1: 45676 | Z1: 45677 | AA1: 45678 | AB1: 45679 | AC1: 45680 | AD1: 45681 | AE1: 45682 | AF1: 45683 | AG1: 45684 | AH1: 45685 | AI1: 45686 | AJ1: 45687 | AK1: 45688 | AL1: 45689 | AM1: 45690 | AN1: 45691 | AO1: 45692 | AP1: 45693 | AQ1: 45694 | AR1: 45695 | AS1: 45696 | AT1: 45697 | AU1: 45698 | AV1: 45699 | AW1: 45700 | AX1: 45701 | AY1: 45702 | AZ1: 45703 | BA1: 45704 | BB1: 45705 | BC1: 45706 | BD1: 45707 | BE1: 45708 | BF1: 45709 | BG1: 45710 | BH1: 45711 | BI1: 45712 | BJ1: 45713 | BK1: 45714 | BL1: 45715 | BM1: 45716 | BN1: 45717
A2: =任務清單!A2 | B2: =任務清單!B2 | C2: =任務清單!C2 | D2: =任務清單!E2-7 | E2: =任務清單!E2 | F2: =任務清單!H2
A3: =任務清單!A3 | B3: =任務清單!B3 | C3: =任務清單!C3 | D3: =任務清單!E3-7 | E3: =任務清單!E3 | F3: =任務清單!H3
A4: =任務清單!A4 | B4: =任務清單!B4 | C4: =任務清單!C4 | D4: =任務清單!E4-7 | E4: =任務清單!E4 | F4: =任務清單!H4
A5: =任務清單!A5 | B5: =任務清單!B5 | C5: =任務清單!C5 | D5: =任務清單!E5-7 | E5: =任務清單!E5 | F5: =任務清單!H5
A6: =任務清單!A6 | B6: =任務清單!B6 | C6: =任務清單!C6 | D6: =任務清單!E6-7 | E6: =任務清單!E6 | F6: =任務清單!H6
A7: =任務清單!A7 | B7: =任務清單!B7 | C7: =任務清單!C7 | D7: =任務清單!E7-7 | E7: =任務清單!E7 | F7: =任務清單!H7
A8: =任務清單!A8 | B8: =任務清單!B8 | C8: =任務清單!C8 | D8: =任務清單!E8-7 | E8: =任務清單!E8 | F8: =任務清單!H8
A9: =任務清單!A9 | B9: =任務清單!B9 | C9: =任務清單!C9 | D9: =任務清單!E9-7 | E9: =任務清單!E9 | F9: =任務清單!H9
A10: =任務清單!A10 | B10: =任務清單!B10 | C10: =任務清單!C10 | D10: =任務清單!E10-7 | E10: =任務清單!E10 | F10: =任務清單!H10
A11: =任務清單!A11 | B11: =任務清單!B11 | C11: =任務清單!C11 | D11: =任務清單!E11-7 | E11: =任務清單!E11 | F11: =任務清單!H11

Sheet 週報
A1: 週報期間 | B1: =TEXT(TODAY()-WEEKDAY(TODAY())+1,"yyyy/mm/dd") & " - " & TEXT(TODAY()-WEEKDAY(TODAY())+7,"yyyy/mm/dd")
A2: 報告日期 | B2: =TODAY()
A3: 報告人 | B3: =專案總覽!B2
A5: 本週完成任務數 | B5: =COUNTIFS(任務清單!G:G,">="&TODAY()-7,任務清單!G:G,"<="&TODAY(),任務清單!F:F,"已完成")
A6: 本週新增任務數 | B6: 0
A7: 本週逾期任務數 | B7: =COUNTIFS(任務清單!E:E,"<"&TODAY(),任務清單!F:F,"<>已完成")
A8: 整體進度變化 | B8: 0%
A10: 本週成就
A11: [請輸入本週主要成就]
A15: 本週挑戰
A16: [請輸入本週遇到的挑戰]
A20: 下週計畫
A21: [請輸入下週計畫]
A25: 逾期任務清單
A26: 任務ID | B26: 任務名稱 | C26: 負責人 | D26: 截止日期 | E26: 逾期天數 | F26: 狀態 | G26: 行動計畫

Sheet 統計分析
A1: 狀態 | B1: 數量 | D1: 優先級 | E1: 數量 | G1: 負責人 | H1: 任務數 | I1: 已完成數 | K1: 類別 | L1: 數量
A2: 待辦 | B2: =COUNTIF(任務清單!F:F,"待辦") | D2: 🔴高 | E2: =COUNTIF(任務清單!D:D,"🔴高") | G2: 張三 | H2: =COUNTIF(任務清單!C:C,"張三") | I2: =COUNTIFS(任務清單!C:C,"張三",任務清單!F:F,"已完成") | K2: 管理 | L2: =COUNTIF(任務清單!I:I,"管理")
A3: 進行中 | B3: =COUNTIF(任務清單!F:F,"進行中") | D3: 🟡中 | E3: =COUNTIF(任務清單!D:D,"🟡中") | G3: 李四 | H3: =COUNTIF(任務清單!C:C,"李四") | I3: =COUNTIFS(任務清單!C:C,"李四",任務清單!F:F,"已完成") | K3: 技術 | L3: =COUNTIF(任務清單!I:I,"技術")
A4: 審核中 | B4: =COUNTIF(任務清單!F:F,"審核中") | D4: 🟢低 | E4: =COUNTIF(任務清單!D:D,"🟢低") | G4: 王五 | H4: =COUNTIF(任務清單!C:C,"王五") | I4: =COUNTIFS(任務清單!C:C,"王五",任務清單!F:F,"已完成") | K4: 文件 | L4: =COUNTIF(任務清單!I:I,"文件")
A5: 已完成 | B5: =COUNTIF(任務清單!F:F,"已完成") | G5: 趙六 | H5: =COUNTIF(任務清單!C:C,"趙六") | I5: =COUNTIFS(任務清單!C:C,"趙六",任務清單!F:F,"已完成")
G6: 專案經理 | H6: =COUNTIF(任務清單!C:C,"專案經理") | I6: =COUNTIFS(任務清單!C:C,"專案經理",任務清單!F:F,"已完成")
