Workbook

Sheet 週報
A1: I&C Project Management
A2: 週進度報告 (Weekly Progress Report)
A4: 週報期間 | B4: =TEXT(TODAY()-WEEKDAY(TODAY())+1,"yyyy/mm/dd") & " - " & TEXT(TODAY()-WEEKDAY(TODAY())+7,"yyyy/mm/dd")
A5: 報告日期 | B5: =TODAY()
A6: 報告人 | B6: benchen1981@smail.nchu.edu.tw
A7: 專案狀態 | B7: 進行中
A9: 📊 本週關鍵指標 (Key Metrics)
A11: 本週完成任務數 | B11: =COUNTIFS(Dashboard.xlsx!任務清單!G:G,">="&TODAY()-7,Dashboard.xlsx!任務清單!G:G,"<="&TODAY(),Dashboard.xlsx!任務清單!F:F,"已完成") | D11: 本週新增任務數 | E11: 0 | G11: 本週逾期任務數 | H11: =COUNTIFS(Dashboard.xlsx!任務清單!E:E,"<"&TODAY(),Dashboard.xlsx!任務清單!F:F,"<>已完成")
A13: 整體進度 | B13: =IFERROR(COUNTIF(Dashboard.xlsx!任務清單!F:F,"已完成")/COUNTA(Dashboard.xlsx!任務清單!F2:F100)*100,0)&"%" | D13: 進行中任務 | E13: =COUNTIF(Dashboard.xlsx!任務清單!F:F,"進行中") | G13: 待辦任務 | H13: =COUNTIF(Dashboard.xlsx!任務清單!F:F,"待辦")
A16: ✅ 本週成就 (Achievements)
A17: • [請輸入本週主要成就 1] • [請輸入本週主要成就 2] • [請輸入本週主要成就 3]
A22: ⚠️ 本週挑戰 (Challenges)
A23: • [請輸入本週遇到的挑戰 1] • [請輸入本週遇到的挑戰 2] • [請輸入本週遇到的挑戰 3]
A28: 🎯 下週計畫 (Next Week Plan)
A29: • [請輸入下週計畫 1] • [請輸入下週計畫 2] • [請輸入下週計畫 3]
A34: 🔴 逾期任務清單 (Overdue Tasks)
A35: 任務ID | B35: 任務名稱 | C35: 負責人 | D35: 截止日期 | E35: 逾期天數 | F35: 狀態 | G35: 優先級 | H35: 行動計畫
A36: [自動從 Dashboard 篩選逾期任務]
A38: ⚡ 風險與議題 (Risks & Issues)
A39: 風險/議題 | B39: 影響程度 | C39: 發生機率 | D39: 應對措施 | E39: 負責人 | F39: 狀態
A40: [請輸入風險或議題] | B40: 高/中/低 | C40: 高/中/低 | D40: [應對措施] | E40: [負責人] | F40: 進行中
A43: 👥 團隊成員工作量 (Team Workload)
A44: 成員 | B44: 總任務數 | C44: 已完成 | D44: 進行中 | E44: 待辦 | F44: 完成率 | G44: 工作負荷
A45: 張三 | B45: =COUNTIF(Dashboard.xlsx!任務清單!C:C,"張三") | C45: =COUNTIFS(Dashboard.xlsx!任務清單!C:C,"張三",Dashboard.xlsx!任務清單!F:F,"已完成") | D45: =COUNTIFS(Dashboard.xlsx!任務清單!C:C,"張三",Dashboard.xlsx!任務清單!F:F,"進行中") | E45: =COUNTIFS(Dashboard.xlsx!任務清單!C:C,"張三",Dashboard.xlsx!任務清單!F:F,"待辦") | F45: =IFERROR(C45/B45*100,0)&"%" | G45: =IF(B45>10,"高",IF(B45>5,"中","低"))
A46: 李四 | B46: =COUNTIF(Dashboard.xlsx!任務清單!C:C,"李四") | C46: =COUNTIFS(Dashboard.xlsx!任務清單!C:C,"李四",Dashboard.xlsx!任務清單!F:F,"已完成") | D46: =COUNTIFS(Dashboard.xlsx!任務清單!C:C,"李四",Dashboard.xlsx!任務清單!F:F,"進行中") | E46: =COUNTIFS(Dashboard.xlsx!任務清單!C:C,"李四",Dashboard.xlsx!任務清單!F:F,"待辦") | F46: =IFERROR(C46/B46*100,0)&"%" | G46: =IF(B46>10,"高",IF(B46>5,"中","低"))
A47: 王五 | B47: =COUNTIF(Dashboard.xlsx!任務清單!C:C,"王五") | C47: =COUNTIFS(Dashboard.xlsx!任務清單!C:C,"王五",Dashboard.xlsx!任務清單!F:F,"已完成") | D47: =COUNTIFS(Dashboard.xlsx!任務清單!C:C,"王五",Dashboard.xlsx!任務清單!F:F,"進行中") | E47: =COUNTIFS(Dashboard.xlsx!任務清單!C:C,"王五",Dashboard.xlsx!任務清單!F:F,"待辦") | F47: =IFERROR(C47/B47*100,0)&"%" | G47: =IF(B47>10,"高",IF(B47>5,"中","低"))
A48: 趙六 | B48: =COUNTIF(Dashboard.xlsx!任務清單!C:C,"趙六") | C48: =COUNTIFS(Dashboard.xlsx!任務清單!C:C,"趙六",Dashboard.xlsx!任務清單!F:F,"已完成") | D48: =COUNTIFS(Dashboard.xlsx!任務清單!C:C,"趙六",Dashboard.xlsx!任務清單!F:F,"進行中") | E48: =COUNTIFS(Dashboard.xlsx!任務清單!C:C,"趙六",Dashboard.xlsx!任務清單!F:F,"待辦") | F48: =IFERROR(C48/B48*100,0)&"%" | G48: =IF(B48>10,"高",IF(B48>5,"中","低"))
A49: 專案經理 | B49: =COUNTIF(Dashboard.xlsx!任務清單!C:C,"專案經理") | C49: =COUNTIFS(Dashboard.xlsx!任務清單!C:C,"專案經理",Dashboard.xlsx!任務清單!F:F,"已完成") | D49: =COUNTIFS(Dashboard.xlsx!任務清單!C:C,"專案經理",Dashboard.xlsx!任務清單!F:F,"進行中") | E49: =COUNTIFS(Dashboard.xlsx!任務清單!C:C,"專案經理",Dashboard.xlsx!任務清單!F:F,"待辦") | F49: =IFERROR(C49/B49*100,0)&"%" | G49: =IF(B49>10,"高",IF(B49>5,"中","低"))
A51: 報告產生時間：=NOW()
A52: 此報告由 I&C Project Management System 自動生成
